{"AcIn1ToInverter_kWh": 7.7202299999986765, "AcIn1ToAcOut_kWh": 7.7202299999986765, "InverterToAcOut_kWh": 7.756686666669359}